<?xml version='1.0'?>
<home version='6000' exportFlags='17' name='fase1.sh3d' camera='observerCamera' wallHeight='250.0'>
  <environment groundColor='00A8A8A8' skyColor='00CCE4FC' lightColor='00D0D0D0'>
    <observerCamera attribute='cameraPath' lens='PINHOLE' x='2745.0486' y='1192.1982' z='170.0' yaw='7.5821314' pitch='0.076349474' fieldOfView='1.0995575' time='1559390400000'/>
    <observerCamera attribute='cameraPath' lens='PINHOLE' x='2306.2358' y='1165.6118' z='170.0' yaw='7.5771313' pitch='0.3463492' fieldOfView='1.0995575' time='1559390400000'/>
    <observerCamera attribute='cameraPath' lens='PINHOLE' x='2102.0513' y='1252.0264' z='170.0' yaw='6.239437' pitch='0.17420344' fieldOfView='1.0995575' time='1559390400000'/>
    <observerCamera attribute='cameraPath' lens='PINHOLE' x='2072.0767' y='1424.0543' z='170.0' yaw='4.971585' pitch='0.17420344' fieldOfView='1.0995575' time='1559390400000'/>
    <observerCamera attribute='cameraPath' lens='PINHOLE' x='2125.2239' y='1619.6' z='170.0' yaw='7.580043' pitch='0.18913418' fieldOfView='1.0995575' time='1559390400000'/>
    <observerCamera attribute='cameraPath' lens='PINHOLE' x='1595.4434' y='1700.952' z='170.0' yaw='9.45303' pitch='0.15913405' fieldOfView='1.0995575' time='1559390400000'/>
    <observerCamera attribute='cameraPath' lens='PINHOLE' x='1585.5223' y='1439.0381' z='170.0' yaw='10.666608' pitch='0.15913405' fieldOfView='1.0995575' time='1559390400000'/>
    <observerCamera attribute='cameraPath' lens='PINHOLE' x='1748.2264' y='1383.4806' z='170.0' yaw='10.91719' pitch='0.37913403' fieldOfView='1.0995575' time='1559390400000'/>
    <observerCamera attribute='cameraPath' lens='PINHOLE' x='1748.2264' y='1383.4806' z='170.0' yaw='12.777193' pitch='0.12413374' fieldOfView='1.0995575' time='1559390400000'/>
    <observerCamera attribute='cameraPath' lens='PINHOLE' x='1605.3643' y='1564.0425' z='170.0' yaw='12.777193' pitch='0.12413374' fieldOfView='1.0995575' time='1559390400000'/>
    <observerCamera attribute='cameraPath' lens='PINHOLE' x='1601.3959' y='1677.1417' z='170.0' yaw='12.297462' pitch='0.12413374' fieldOfView='1.0995575' time='1559390400000'/>
    <observerCamera attribute='cameraPath' lens='PINHOLE' x='1601.3959' y='1677.1417' z='170.0' yaw='11.071017' pitch='0.12413374' fieldOfView='1.0995575' time='1559390400000'/>
    <observerCamera attribute='cameraPath' lens='PINHOLE' x='2055.777' y='1647.3788' z='170.0' yaw='10.778735' pitch='0.12413374' fieldOfView='1.0995575' time='1559390400000'/>
    <observerCamera attribute='cameraPath' lens='PINHOLE' x='2754.2144' y='1571.9792' z='170.0' yaw='12.153731' pitch='0.23079632' fieldOfView='1.0995575' time='1559390400000'/>
    <observerCamera attribute='cameraPath' lens='PINHOLE' x='2843.5034' y='1893.4192' z='170.0' yaw='12.153731' pitch='0.23079632' fieldOfView='1.0995575' time='1559390400000'/>
    <observerCamera attribute='cameraPath' lens='PINHOLE' x='2843.5034' y='1893.4192' z='170.0' yaw='11.080085' pitch='0.23079632' fieldOfView='1.0995575' time='1559390400000'/>
    <observerCamera attribute='cameraPath' lens='PINHOLE' x='3293.916' y='1927.1505' z='170.0' yaw='11.015084' pitch='0.4157964' fieldOfView='1.0995575' time='1559390400000'/>
    <observerCamera attribute='cameraPath' lens='PINHOLE' x='3293.916' y='1927.1505' z='170.0' yaw='10.030221' pitch='0.4157964' fieldOfView='1.0995575' time='1559390400000'/>
    <observerCamera attribute='cameraPath' lens='PINHOLE' x='3373.284' y='1782.3042' z='170.0' yaw='8.356769' pitch='0.28579637' fieldOfView='1.0995575' time='1559390400000'/>
    <observerCamera attribute='cameraPath' lens='PINHOLE' x='3373.284' y='1782.3042' z='170.0' yaw='7.4350376' pitch='0.28579637' fieldOfView='1.0995575' time='1559390400000'/>
    <observerCamera attribute='cameraPath' lens='PINHOLE' x='2893.1082' y='1873.5771' z='170.0' yaw='7.4350376' pitch='0.28579637' fieldOfView='1.0995575' time='1559390400000'/>
    <observerCamera attribute='cameraPath' lens='PINHOLE' x='2893.1082' y='1873.5771' z='170.0' yaw='8.98672' pitch='0.19579639' fieldOfView='1.0995575' time='1559390400000'/>
    <observerCamera attribute='cameraPath' lens='PINHOLE' x='2823.6614' y='1441.0223' z='170.0' yaw='9.570238' pitch='0.19579639' fieldOfView='1.0995575' time='1559390400000'/>
    <observerCamera attribute='cameraPath' lens='PINHOLE' x='2903.0293' y='956.8783' z='170.0' yaw='8.260609' pitch='0.19579639' fieldOfView='1.0995575' time='1559390400000'/>
    <observerCamera attribute='cameraPath' lens='PINHOLE' x='2740.3252' y='964.81506' z='170.0' yaw='8.125611' pitch='0.6607963' fieldOfView='1.0995575' time='1559390400000'/>
    <observerCamera attribute='cameraPath' lens='PINHOLE' x='2740.3252' y='964.81506' z='170.0' yaw='6.794298' pitch='0.6607963' fieldOfView='1.0995575' time='1559390400000'/>
    <observerCamera attribute='cameraPath' lens='PINHOLE' x='2758.6687' y='942.0288' z='170.0' yaw='5.1356344' pitch='0.6607963' fieldOfView='1.0995575' time='1559390400000'/>
    <observerCamera attribute='cameraPath' lens='PINHOLE' x='2838.0366' y='957.9024' z='170.0' yaw='6.2251945' pitch='0.25579634' fieldOfView='1.0995575' time='1559390400000'/>
    <observerCamera attribute='cameraPath' lens='PINHOLE' x='2832.084' y='1553.1613' z='170.0' yaw='7.768494' pitch='0.25579634' fieldOfView='1.0995575' time='1559390400000'/>
    <observerCamera attribute='cameraPath' lens='PINHOLE' x='2832.084' y='1553.1613' z='170.0' yaw='7.868495' pitch='0.075796336' fieldOfView='1.0995575' time='1559390400000'/>
  </environment>
  <observerCamera attribute='observerCamera' lens='PINHOLE' x='2668.0615' y='1221.4192' z='170.0' yaw='20.2645' pitch='0.04579635' fieldOfView='1.0995575' time='1559390400000'/>
  <camera attribute='topCamera' lens='PINHOLE' x='3661.7866' y='992.3895' z='1299.1001' yaw='1.3015908' pitch='0.79079705' fieldOfView='1.0995575' time='1559390400000'/>
  <pieceOfFurniture catalogId='eTeks#toiletUnit' name='Gabinetto' creator='eTeks' model='2' x='2575.88' y='956.35767' angle='4.712389' width='40.0' depth='80.0' height='62.0' modelSize='125874' movable='false'/>
  <pieceOfFurniture catalogId='eTeks#washbasin' name='Lavandino' creator='eTeks' model='4' x='2712.2688' y='1063.7625' angle='3.1415927' width='56.0' depth='47.0' height='97.0' modelSize='239991' movable='false'/>
  <pieceOfFurniture catalogId='eTeks#toiletUnit' name='Gabinetto' creator='eTeks' model='2' x='2577.814' y='825.77527' angle='4.712389' width='40.0' depth='80.0' height='62.0' modelSize='125874' movable='false'/>
  <doorOrWindow catalogId='eTeks#roundDoorFrame' name='Cornice porta arrotondata' creator='eTeks' model='6' x='1584.9552' y='1603.806' angle='3.1415927' width='80.0' depth='7.50075' height='200.0' modelSize='8848' movable='false' cutOutShape='M0,1 v-0.8 a0.5,0.2 0 1,1 1,0 v0.8 z' wallCutOutOnBothSides='true'/>
  <pieceOfFurniture catalogId='Bettinelli#bureau3' name='Scrivania' creator='Gaël Bettinelli' model='8/bureau3.obj' x='2080.2239' y='1167.556' angle='1.5707964' width='120.0' depth='59.0' height='72.5' modelSize='45158'/>
  <pieceOfFurniture catalogId='Scopia#kids_desk_chair' name='Sedia' creator='Scopia' model='10/kids_desk_chair.obj' x='2018.7477' y='1205.301' angle='4.9741883' width='53.4' depth='51.9' height='88.3' modelRotation='-1 0 0 0 1 0 0 0 -1' modelSize='1027345'/>
  <pieceOfFurniture catalogId='Reallusion#sitFemale03' name='Donna seduta' creator='Reallusion' model='12/sitFemale03.obj' x='2029.6403' y='1218.8496' angle='5.2359877' width='49.4' depth='97.200005' height='126.700005' modelSize='624405'/>
  <pieceOfFurniture catalogId='Scopia#wooden_office_pear_table_rect' name='Tavolo in legno' creator='Scopia' model='14/wooden_office_pear_table_rect.obj' x='2201.877' y='1710.056' width='160.0' depth='80.0' height='75.4' modelSize='210564'/>
  <pieceOfFurniture catalogId='Scopia#wooden_office_pear_table_rect' name='Tavolo in legno' creator='Scopia' model='14/wooden_office_pear_table_rect.obj' x='2410.847' y='1703.9912' width='160.0' depth='80.0' height='75.4' modelSize='210564'/>
  <pieceOfFurniture catalogId='Scopia#wooden_office_pear_table_rect' name='Tavolo in legno' creator='Scopia' model='14/wooden_office_pear_table_rect.obj' x='2642.3726' y='1710.056' width='160.0' depth='80.0' height='75.4' modelSize='210564'/>
  <pieceOfFurniture catalogId='Scopia#wooden_office_pear_table_rect' name='Tavolo in legno' creator='Scopia' model='14/wooden_office_pear_table_rect.obj' x='2295.1711' y='1395.587' width='160.0' depth='80.0' height='75.4' modelSize='210564'/>
  <pieceOfFurniture catalogId='Scopia#wooden_office_pear_table_rect' name='Tavolo in legno' creator='Scopia' model='14/wooden_office_pear_table_rect.obj' x='2500.3193' y='1395.587' width='160.0' depth='80.0' height='75.4' modelSize='210564'/>
  <pieceOfFurniture catalogId='Scopia#wooden_office_pear_table_rect' name='Tavolo in legno' creator='Scopia' model='14/wooden_office_pear_table_rect.obj' x='2695.8057' y='1395.587' width='160.0' depth='80.0' height='75.4' modelSize='210564'/>
  <pieceOfFurniture catalogId='Kator Legaz#apple-imac-1998' name='Apple iMac 1998' creator='Kator Legaz' model='16/apple-imac-1998.obj' x='2145.8345' y='1718.5837' elevation='75.4' angle='3.1415927' width='42.5' depth='50.0' height='40.100002' modelSize='98580'/>
  <pieceOfFurniture catalogId='Blend Swap CC-BY#workbench' name='Banco da lavoro' creator='Victorbied' model='18/workbench.obj' x='1895.5104' y='1534.4011' angle='2.3561945' width='123.3' depth='62.4' height='173.8' modelSize='96334'/>
  <pieceOfFurniture catalogId='Geantick#tournevis' name='Cacciavite' creator='Geantick' model='20' x='1867.6917' y='1551.8499' elevation='95.2' width='2.5' depth='20.0' height='2.5' modelSize='78220'/>
  <pieceOfFurniture catalogId='Capretta#estintore' name='Estintore' creator='Sergio Capretta' model='22' x='2747.9617' y='1739.706' width='35.5' depth='20.7' height='60.0' modelSize='171888'/>
  <pieceOfFurniture catalogId='Capretta#estintore' name='Estintore' creator='Sergio Capretta' model='22' x='2197.4211' y='1398.8688' width='35.5' depth='20.7' height='60.0' modelSize='171888'/>
  <pieceOfFurniture catalogId='Capretta#estintore' name='Estintore' creator='Sergio Capretta' model='22' x='1499.7355' y='1575.6583' width='35.5' depth='20.7' height='60.0' modelSize='171888'/>
  <doorOrWindow catalogId='eTeks#fixedWindow85x123' name='Finestra fissa' creator='eTeks' model='24' x='1603.0732' y='1148.6362' elevation='87.0' angle='3.1415927' width='91.0' depth='7.50075' height='134.0' modelSize='2198' movable='false' cutOutShape='M0,0 v1 h1 v-1 z' wallCutOutOnBothSides='true'/>
  <doorOrWindow catalogId='eTeks#fixedWindow85x123' name='Finestra fissa' creator='eTeks' model='24' x='1831.1405' y='1148.6362' elevation='87.0' angle='3.1415927' width='91.0' depth='7.50075' height='134.0' modelSize='2198' movable='false' cutOutShape='M0,0 v1 h1 v-1 z' wallCutOutOnBothSides='true'/>
  <doorOrWindow catalogId='eTeks#fixedWindow85x123' name='Finestra fissa' creator='eTeks' model='24' x='1683.8743' y='1753.806' elevation='87.0' angle='3.1415927' width='91.0' depth='7.50075' height='134.0' modelSize='2198' movable='false' cutOutShape='M0,0 v1 h1 v-1 z' wallCutOutOnBothSides='true'/>
  <doorOrWindow catalogId='eTeks#fixedWindow85x123' name='Finestra fissa' creator='eTeks' model='24' x='1884.5735' y='1753.806' elevation='87.0' angle='3.1415927' width='91.0' depth='7.50075' height='134.0' modelSize='2198' movable='false' cutOutShape='M0,0 v1 h1 v-1 z' wallCutOutOnBothSides='true'/>
  <doorOrWindow catalogId='eTeks#fixedWindow85x123' name='Finestra fissa' creator='eTeks' model='24' x='2044.8723' y='1753.806' elevation='87.0' angle='3.1415927' width='91.0' depth='7.50075' height='134.0' modelSize='2198' movable='false' cutOutShape='M0,0 v1 h1 v-1 z' wallCutOutOnBothSides='true'/>
  <doorOrWindow catalogId='eTeks#fixedWindow85x123' name='Finestra fissa' creator='eTeks' model='24' x='1522.2722' y='1753.806' elevation='87.0' angle='3.1415927' width='91.0' depth='7.50075' height='134.0' modelSize='2198' movable='false' cutOutShape='M0,0 v1 h1 v-1 z' wallCutOutOnBothSides='true'/>
  <doorOrWindow catalogId='eTeks#fixedWindow85x123' name='Finestra fissa' creator='eTeks' model='24' x='3612.13' y='1639.4796' elevation='87.0' angle='1.5707964' width='91.0' depth='7.50075' height='134.0' modelSize='2198' movable='false' cutOutShape='M0,0 v1 h1 v-1 z' wallCutOutOnBothSides='true'/>
  <doorOrWindow catalogId='eTeks#fixedWindow85x123' name='Finestra fissa' creator='eTeks' model='24' x='3612.13' y='1840.1788' elevation='87.0' angle='1.5707964' width='91.0' depth='7.50075' height='134.0' modelSize='2198' movable='false' cutOutShape='M0,0 v1 h1 v-1 z' wallCutOutOnBothSides='true'/>
  <doorOrWindow catalogId='eTeks#roundDoorFrame' name='Cornice porta arrotondata' creator='eTeks' model='6' x='2937.13' y='1879.8547' angle='4.712389' width='80.0' depth='7.50075' height='200.0' modelSize='8848' movable='false' cutOutShape='M0,1 v-0.8 a0.5,0.2 0 1,1 1,0 v0.8 z' wallCutOutOnBothSides='true'/>
  <pieceOfFurniture catalogId='eTeks#frame' name='Quadro' creator='eTeks' model='26/frame.obj' x='2217.252' y='1748.956' elevation='150.0' angle='3.1415927' width='50.0' depth='2.2' height='35.0' modelSize='3155'/>
  <pieceOfFurniture catalogId='eTeks#frame' name='Quadro' creator='eTeks' model='26/frame.obj' x='2404.919' y='1748.956' elevation='150.0' angle='3.1415927' width='50.0' depth='2.2' height='35.0' modelSize='3155'/>
  <pieceOfFurniture catalogId='eTeks#frame' name='Quadro' creator='eTeks' model='26/frame.obj' x='2646.0186' y='1748.956' elevation='150.0' angle='3.1415927' width='50.0' depth='2.2' height='35.0' modelSize='3155'/>
  <pieceOfFurniture catalogId='eTeks#frame' name='Quadro' creator='eTeks' model='26/frame.obj' x='2334.5437' y='1356.687' elevation='150.0' width='50.0' depth='2.2' height='35.0' modelSize='3155'/>
  <pieceOfFurniture catalogId='eTeks#frame' name='Quadro' creator='eTeks' model='26/frame.obj' x='2536.5461' y='1356.687' elevation='150.0' width='50.0' depth='2.2' height='35.0' modelSize='3155'/>
  <pieceOfFurniture catalogId='eTeks#frame' name='Quadro' creator='eTeks' model='26/frame.obj' x='2722.91' y='1356.687' elevation='150.0' width='50.0' depth='2.2' height='35.0' modelSize='3155'/>
  <pieceOfFurniture catalogId='OlaKristianHoff#office_desk' name='Scrivania' creator='Ola-Kristian Hoff' model='28/office_desk.obj' x='3271.8384' y='1618.3407' angle='5.759587' width='160.0' depth='80.0' height='72.0' modelSize='6202'/>
  <pieceOfFurniture catalogId='OlaKristianHoff#office_desk' name='Scrivania' creator='Ola-Kristian Hoff' model='28/office_desk.obj' x='3484.4402' y='1846.8037' angle='0.5235988' width='160.0' depth='80.0' height='72.0' modelSize='6202'/>
  <pieceOfFurniture catalogId='OlaKristianHoff#office_desk' name='Scrivania' creator='Ola-Kristian Hoff' model='28/office_desk.obj' x='3224.9219' y='1838.5886' angle='4.712389' width='160.0' depth='80.0' height='72.0' modelSize='6202'/>
  <pieceOfFurniture catalogId='Sleipnir1#portable' name='Laptop' creator='Sleipnir1' model='30' x='3222.4773' y='1639.2107' elevation='72.0' angle='2.879794' width='30.0' depth='25.300001' height='19.2' modelSize='2857902'/>
  <pieceOfFurniture catalogId='Sleipnir1#portable' name='Laptop' creator='Sleipnir1' model='30' x='3312.4011' y='1594.9004' elevation='72.0' width='30.0' depth='25.300001' height='19.2' modelSize='2857902'/>
  <pieceOfFurniture catalogId='Sleipnir1#portable' name='Laptop' creator='Sleipnir1' model='30' x='3227.6904' y='1876.4006' elevation='72.0' angle='5.2359877' width='30.0' depth='25.300001' height='19.2' modelSize='2857902'/>
  <pieceOfFurniture catalogId='Sleipnir1#portable' name='Laptop' creator='Sleipnir1' model='30' x='3217.4521' y='1801.0916' elevation='72.0' angle='2.0943952' width='30.0' depth='25.300001' height='19.2' modelSize='2857902'/>
  <pieceOfFurniture catalogId='Sleipnir1#portable' name='Laptop' creator='Sleipnir1' model='30' x='3440.119' y='1830.7872' elevation='72.0' angle='1.3089969' width='30.0' depth='25.300001' height='19.2' modelSize='2857902'/>
  <pieceOfFurniture catalogId='Sleipnir1#portable' name='Laptop' creator='Sleipnir1' model='30' x='3515.7068' y='1847.7294' elevation='72.0' width='30.0' depth='25.300001' height='19.2' modelSize='2857902'/>
  <pieceOfFurniture catalogId='Reallusion#girlStanding' name='Ragazza' creator='Reallusion' model='32/girlStanding.obj' x='3183.1057' y='1707.389' width='41.0' depth='31.5' height='156.1' modelSize='1225209'/>
  <pieceOfFurniture catalogId='Reallusion#girlSittingGround' name='Ragazza seduta' creator='Reallusion' model='34/girlSittingGround.obj' x='3509.252' y='1951.4332' angle='1.8325958' width='70.6' depth='74.5' height='77.5' modelSize='1193152'/>
  <pieceOfFurniture catalogId='Reallusion#boyStanding' name='Ragazzo' creator='Reallusion' model='36/boyStanding.obj' x='3154.2927' y='1565.4418' width='56.9' depth='31.0' height='161.8' modelSize='1681846'/>
  <pieceOfFurniture catalogId='Reallusion#boyLying' name='Ragazzo sdraiato' creator='Reallusion' model='38/boyLying.obj' x='3509.919' y='1587.4878' angle='0.7853982' width='54.4' depth='165.90001' height='53.8' modelSize='1196134'/>
  <pieceOfFurniture catalogId='Blend Swap CC-BY#workbench' name='Banco da lavoro' creator='Victorbied' model='18/workbench.obj' x='1894.6586' y='1240.1963' angle='0.7853982' width='123.3' depth='62.4' height='173.8' modelSize='96334'/>
  <pieceOfFurniture catalogId='Blend Swap CC-BY#workbench' name='Banco da lavoro' creator='Victorbied' model='18/workbench.obj' x='1935.9108' y='1379.3154' angle='1.5707964' width='123.3' depth='62.4' height='173.8' modelSize='96334'/>
  <pieceOfFurniture catalogId='Kator Legaz#apple-ibook-2001' name='Apple iBook' creator='Kator Legaz' model='40/apple-ibook-2001.obj' x='1872.8721' y='1214.0005' elevation='95.2' width='28.5' depth='27.2' height='22.9' modelSize='511888'/>
  <pieceOfFurniture catalogId='LucaPresidente#angolo198W' name='Angolo 198W' creator='LucaPresidente' model='42/angolo198W.obj' x='1498.3799' y='1177.139' angle='1.7484555E-7' width='45.0' depth='45.0' height='198.0' modelSize='50455'/>
  <pieceOfFurniture catalogId='LucaPresidente#cassettieraW' name='Cassettiera' creator='LucaPresidente' model='44/cassettieraW.obj' x='1703.249' y='1184.5735' width='42.0' depth='53.7' height='53.5' modelSize='538998'/>
  <pieceOfFurniture catalogId='Scopia#office_box' name='Contenitore' creator='Scopia' model='46/office_box.obj' x='1502.6299' y='1371.9908' angle='4.712389' width='212.0' depth='53.5' height='174.90001' modelSize='60186'/>
  <pieceOfFurniture catalogId='Puybaret#invoice' name='Fattura' creator='Emmanuel Puybaret' model='48/invoice.obj' x='1922.1956' y='1363.3988' elevation='95.2' width='21.0' depth='29.7' height='0.5' modelSize='19483'/>
  <pieceOfFurniture catalogId='Kator Legaz#filing-cabinet' name='Contenitore deposito' creator='Kator Legaz' model='50/filing-cabinet.obj' x='1502.1799' y='1506.7218' angle='4.712389' width='38.600002' depth='52.600002' height='60.0' modelSize='18538'/>
  <pieceOfFurniture catalogId='Blend Swap CC-0#whiteBoard' name='Lavagna bianca' creator='Redsymbzone' model='52/whiteBoard.obj' x='1756.3679' y='1572.506' width='124.700005' depth='55.100002' height='129.0' modelSize='73488'/>
  <pieceOfFurniture catalogId='Scopia#pencil1' name='Matita' creator='Scopia' model='54/pencil1.obj' x='1896.088' y='1518.2703' elevation='95.2' width='1.0' depth='13.5' height='0.7' modelRotation='-1 0 0 0 0 1 0 1 0' modelSize='41123'/>
  <pieceOfFurniture catalogId='Carvalho#monitorLCD' name='Monitor LCD' creator='Carvalho' model='56/monitorLCD.obj' x='1927.7407' y='1518.2927' angle='4.712389' width='66.4' depth='30.7' height='56.8' modelSize='8473'/>
  <pieceOfFurniture catalogId='Reallusion#holdingMale01' name='Uomo' creator='Reallusion' model='58/holdingMale01.obj' x='1781.3153' y='1239.0793' width='62.7' depth='59.3' height='184.7' modelSize='550180'/>
  <pieceOfFurniture catalogId='Reallusion#holdingFemale03' name='Donna' creator='Reallusion' model='60/holdingFemale03.obj' x='2409.6646' y='1457.0348' angle='2.6179938' width='57.9' depth='45.4' height='166.2' modelSize='804039'/>
  <pieceOfFurniture catalogId='Blend Swap CC-BY#rubix2' name='Cubo di Rubik' creator='Farcgs' model='62/rubix2.obj' x='1949.2009' y='1331.2811' elevation='95.2' width='5.6' depth='5.6' height='5.6' modelSize='186208'/>
  <pieceOfFurniture catalogId='Blend Swap CC-0#cardGame' name='Gioco di carte' creator='Bagiryu' model='64/cardGame.obj' x='1881.5513' y='1524.614' elevation='95.2' width='21.1' depth='11.3' height='0.4' modelSize='288466'/>
  <pieceOfFurniture catalogId='Snduc#petitReveil' name='Sveglia' creator='Snduc' model='66' x='1897.3274' y='1551.027' elevation='95.2' width='9.0' depth='4.6' height='5.0' modelSize='67270'/>
  <pieceOfFurniture catalogId='Scopia#dvd' name='Lettore DVD' creator='Scopia' model='68/dvd.obj' x='1949.3588' y='1367.8389' elevation='95.2' angle='1.5707964' width='43.0' depth='28.2' height='5.6' modelSize='315299'/>
  <pieceOfFurniture catalogId='Blend Swap CC-0#plasticCup' name='Bicchiere di plastica' creator='Chemsciguy' model='70/plasticCup.obj' x='2089.6587' y='1123.3762' elevation='72.5' width='7.9' depth='7.9' height='10.0' modelSize='296949'/>
  <pieceOfFurniture catalogId='Blend Swap CC-BY#knife' name='Coltello' creator='Jay-Artist' model='72/knife.obj' x='1917.3187' y='1291.2058' elevation='95.2' width='1.8000001' depth='20.800001' height='0.3' modelSize='37934'/>
  <light catalogId='Kator Legaz#wall-lamp-artwork' name='Lampada da parete artistica' creator='Kator Legaz' model='74/wall-lamp-artwork.obj' x='2269.999' y='1369.9866' elevation='180.0' width='30.0' depth='37.2' height='27.300001' modelSize='144505'/>
  <light catalogId='Kator Legaz#wall-lamp-artwork' name='Lampada da parete artistica' creator='Kator Legaz' model='74/wall-lamp-artwork.obj' x='2483.5894' y='1374.187' elevation='180.0' width='30.0' depth='37.2' height='27.300001' modelSize='144505'/>
  <light catalogId='Kator Legaz#wall-lamp-artwork' name='Lampada da parete artistica' creator='Kator Legaz' model='74/wall-lamp-artwork.obj' x='2682.91' y='1374.187' elevation='180.0' width='30.0' depth='37.2' height='27.300001' modelSize='144505'/>
  <light catalogId='Kator Legaz#wall-lamp-artwork' name='Lampada da parete artistica' creator='Kator Legaz' model='74/wall-lamp-artwork.obj' x='2257.252' y='1731.456' elevation='180.0' angle='3.1415927' width='30.0' depth='37.2' height='27.300001' modelSize='144505'/>
  <light catalogId='Kator Legaz#wall-lamp-artwork' name='Lampada da parete artistica' creator='Kator Legaz' model='74/wall-lamp-artwork.obj' x='2453.5286' y='1731.456' elevation='180.0' angle='3.1415927' width='30.0' depth='37.2' height='27.300001' modelSize='144505'/>
  <light catalogId='Kator Legaz#wall-lamp-artwork' name='Lampada da parete artistica' creator='Kator Legaz' model='74/wall-lamp-artwork.obj' x='2701.9263' y='1731.456' elevation='180.0' angle='3.1415927' width='30.0' depth='37.2' height='27.300001' modelSize='144505'/>
  <pieceOfFurniture catalogId='Scopia#reflex_camera' name='Fotocamera reflex' creator='Scopia' model='76/reflex_camera.obj' x='1512.8914' y='1376.8562' elevation='174.90001' width='12.5' depth='14.900001' height='9.8' modelSize='228719'/>
  <pieceOfFurniture catalogId='Snduc#appleIpod' name='iPod Apple' creator='Snduc' model='78' x='1500.2484' y='1450.4995' elevation='174.90001' width='6.2000003' depth='10.3' height='1.6' modelRotation='1 0 0 0 0 1 0 -1 0' modelSize='47236'/>
  <pieceOfFurniture catalogId='Sleipnir1#horlogeUbuntu' name='Orologio Ubuntu' creator='Sleipnir1' model='80' x='1990.7648' y='1379.0635' elevation='180.0' angle='4.712389' width='38.3' depth='7.7000003' height='38.5' modelSize='164875'/>
  <pieceOfFurniture catalogId='Blend Swap CC-BY#sunglasses' name='Occhiali da Sole' creator='Krabz' model='82/sunglasses.obj' x='2075.8552' y='1204.8018' elevation='72.5' width='15.1' depth='15.7' height='3.5' modelSize='227072'/>
  <pieceOfFurniture catalogId='Toomy#pileMagazines' name='Riviste impilate' creator='Toomy' model='84/pileMagazines.obj' x='2089.8428' y='1161.6034' elevation='72.5' width='27.300001' depth='33.7' height='1.2' modelSize='98614'/>
  <pieceOfFurniture catalogId='Scopia#open-cardboard-box' name='Scatolone aperto' creator='Scopia' model='86/open-cardboard-box.obj' x='1607.5132' y='1236.1125' width='81.5' depth='62.5' height='43.7' modelSize='90587'/>
  <pieceOfFurniture catalogId='Blend Swap CC-0#ceilingFan' name='Ventilatore da soffitto' creator='PrinterKiller' model='88/ceilingFan.obj' x='2704.0974' y='1548.5355' elevation='210.8' width='91.3' depth='79.8' height='39.2' modelSize='444461'/>
  <pieceOfFurniture catalogId='Blend Swap CC-0#ceilingFan' name='Ventilatore da soffitto' creator='PrinterKiller' model='88/ceilingFan.obj' x='2269.0059' y='1562.7749' elevation='210.8' width='91.3' depth='79.8' height='39.2' modelSize='444461'/>
  <pieceOfFurniture catalogId='Blend Swap CC-0#ceilingFan' name='Ventilatore da soffitto' creator='PrinterKiller' model='88/ceilingFan.obj' x='1705.7601' y='1399.8134' elevation='210.8' width='91.3' depth='79.8' height='39.2' modelSize='444461'/>
  <pieceOfFurniture catalogId='Blend Swap CC-0#ceilingFan' name='Ventilatore da soffitto' creator='PrinterKiller' model='88/ceilingFan.obj' x='3336.958' y='1768.4546' elevation='210.8' width='91.3' depth='79.8' height='39.2' modelSize='444461'/>
  <pieceOfFurniture catalogId='Snduc#pavesDeVerre' name='Vetrata' creator='Snduc' model='90' x='2853.209' y='600.056' angle='1.7484555E-7' width='21.0' depth='5.0' height='188.0' modelSize='19445'/>
  <doorOrWindow catalogId='Pencilart#glassDoorsOpened' name='Porta doppia a vetri aperta' creator='Pencilart' model='92/glassDoorsOpened.obj' x='2275.0295' y='1234.3441' angle='4.712389' width='233.0' depth='60.122326' height='203.0' modelSize='144208' movable='false' cutOutShape='M0,0 v1 h1 v-1 z' wallCutOutOnBothSides='true'/>
  <doorOrWindow catalogId='eTeks#openDoor' name='Porta aperta' creator='eTeks' model='94' x='2747.8804' y='891.4641' angle='1.5707964' width='91.5' depth='68.0' height='208.5' modelSize='14055' movable='false' cutOutShape='M0,0 v1 h1 v-1 z' wallCutOutOnBothSides='true'/>
  <pieceOfFurniture catalogId='Pencilart#towelMedicineCabinet' name='Armadietto asciugamano e medicinali' creator='Pencilart' model='96/towelMedicineCabinet.obj' x='2694.2942' y='788.25604' angle='1.7484555E-7' width='62.2' depth='61.4' height='144.8' modelSize='27413'/>
  <pieceOfFurniture catalogId='Scopia#medicoscopia_bottle' name='Flacone medicina' creator='Scopia' model='98/medicoscopia_bottle.obj' x='2692.2405' y='775.0852' elevation='144.8' width='4.3' depth='4.3' height='8.7' modelSize='153925'/>
  <pieceOfFurniture catalogId='Snduc#boiteDeMouchoirs' name='Box in tessuto' creator='Snduc' model='100' x='2712.4158' y='777.10297' elevation='144.8' width='22.5' depth='11.5' height='13.6' modelSize='18939'/>
  <pieceOfFurniture catalogId='Blend Swap CC-0#toiletPaperDispenser' name='Portarotolo' creator='Nhumrod' model='102/toiletPaperDispenser.obj' x='2598.215' y='762.75604' elevation='60.0' angle='1.7484555E-7' width='15.6' depth='10.400001' height='18.5' modelSize='848258'/>
  <pieceOfFurniture catalogId='Blend Swap CC-0#toiletPaperDispenser' name='Portarotolo' creator='Nhumrod' model='102/toiletPaperDispenser.obj' x='2590.3044' y='908.4573' elevation='60.0' angle='1.7484555E-7' width='15.6' depth='10.400001' height='18.5' modelSize='848258'/>
  <pieceOfFurniture catalogId='Reallusion#male03' name='Uomo' creator='Reallusion' model='104/male03.obj' x='3406.1765' y='1550.3357' width='55.7' depth='39.100002' height='184.0' modelSize='1089484'/>
  <pieceOfFurniture catalogId='eTeks#texturableCylinder' name='Cilindro' creator='eTeks' model='106/texturableCylinder.obj' x='3539.3936' y='1726.3436' angle='1.5707964' width='100.0' depth='100.0' height='100.0' modelSize='6600'/>
  <pieceOfFurniture catalogId='Scopia#basic_camera' name='Fotocamera' creator='Scopia' model='108/basic_camera.obj' x='1699.7673' y='1185.4446' elevation='53.5' width='9.7' depth='2.3' height='6.0' modelSize='135289'/>
  <pieceOfFurniture catalogId='Geantick#bookcase2' name='Libreria' creator='Geantick' model='110' x='2857.6628' y='1983.056' angle='3.1415927' width='82.0' depth='44.0' height='150.0' modelSize='27792'/>
  <pieceOfFurniture catalogId='eTeks#laptop' name='Laptop' creator='eTeks' model='112' x='3551.2095' y='1724.1545' elevation='100.0' angle='1.5707964' width='32.5' depth='35.5' height='19.2' modelSize='45826'/>
  <pieceOfFurniture catalogId='Kator Legaz#full-bookcase' name='Libreria alta' creator='Kator Legaz' model='114/full-bookcase.obj' x='1500.9298' y='1651.4836' angle='4.712389' width='89.8' depth='34.7' height='221.0' modelSize='273174'/>
  <pieceOfFurniture catalogId='Reallusion#male03' name='Uomo' creator='Reallusion' model='104/male03.obj' x='2078.7515' y='1705.3866' angle='4.4505897' width='55.7' depth='39.100002' height='184.0' modelSize='1089484'/>
  <pieceOfFurniture catalogId='Scopia#wooden_office_pear_table_rect' name='Tavolo in legno' creator='Scopia' model='14/wooden_office_pear_table_rect.obj' x='2019.2979' y='1507.3518' angle='1.5707964' width='160.0' depth='80.0' height='75.4' modelSize='210564'/>
  <pieceOfFurniture name='Altiar+8800' model='116/model.obj' x='2331.192' y='1397.738' elevation='75.4' angle='5.7595863' width='37.4' depth='45.834213' height='18.375607' modelSize='2200017'/>
  <pieceOfFurniture name='Commodore64' model='118/Commodore64.obj' x='2254.631' y='1413.6317' elevation='75.4' width='40.4' depth='18.800001' height='7.3' modelSize='1429346'/>
  <pieceOfFurniture name='magnavox_odissey' model='120/magnavox_odissey.obj' x='2457.5176' y='1409.48' elevation='75.4' angle='1.5707964' width='41.3' depth='88.8' height='10.8' modelSize='1012547'/>
  <pieceOfFurniture name='enigma' model='122/enigma-machine-750-EDIT-final-textured-cropped.obj' x='2540.024' y='1398.1879' elevation='75.4' width='19.5' depth='35.4' height='35.0' modelRotation='1 0 0 0 0 1 0 -1 0' modelSize='35411831'/>
  <pieceOfFurniture name='c128d' model='124/c128d.obj' x='2654.4949' y='1403.01' elevation='75.4' width='43.59' depth='56.240704' height='10.247531' modelSize='8292085'/>
  <pieceOfFurniture name='8096-SK' model='126/8096-SK.obj' x='2702.0002' y='1399.4069' elevation='75.4' angle='4.4505897' width='80.0' depth='40.049835' height='35.206932' modelSize='38043144'/>
  <pieceOfFurniture name='zx80' model='128/zx80.obj' x='2750.5684' y='1417.3326' elevation='75.4' width='17.4' depth='21.6' height='2.98' modelSize='458692'/>
  <pieceOfFurniture name='Arcade' model='130/Arcade.obj' x='2893.9382' y='1482.3856' angle='3.1415927' width='78.88306' depth='66.26974' height='180.7' modelSize='119964'/>
  <pieceOfFurniture name='arcade2' model='132/arcade2.obj' x='2865.5435' y='1565.6462' angle='0.7853982' width='95.144196' depth='96.72595' height='180.0' modelSize='3272380'/>
  <pieceOfFurniture name='appleI' model='134/appleI.obj' x='2650.2' y='1706.9097' elevation='75.4' angle='4.712389' width='35.0' depth='102.1142' height='50.450108' modelSize='525128'/>
  <pieceOfFurniture name='digital' model='136/digital.obj' x='2011.925' y='1397.846' angle='4.712389' width='24.171494' depth='52.241146' height='50.0' modelSize='606943'/>
  <pieceOfFurniture name='Macintosh+LC' model='138/model.obj' x='2004.7478' y='1470.1833' elevation='75.4' angle='3.1415927' width='50.9' depth='76.9785' height='28.423784' modelSize='7263299'/>
  <pieceOfFurniture name='JH+Delta+3D+Printer' model='140/model.obj' x='1914.1477' y='1255.719' elevation='90.0' width='46.953705' depth='52.7747' height='80.0' modelSize='6086855'/>
  <pieceOfFurniture name='NeXTstation+Model' model='142/model.obj' x='2589.4138' y='1704.2418' elevation='75.4' width='40.0' depth='32.17244' height='4.684127' modelSize='3699081'/>
  <pieceOfFurniture name='IBM+360' model='144/model.obj' x='1527.654' y='1721.145' width='77.699005' depth='33.701103' height='78.3443' modelSize='4630612'/>
  <pieceOfFurniture name='Sharp+MZ-80K' model='146/model.obj' x='1505.7228' y='1323.995' elevation='174.90001' width='40.7' depth='46.933113' height='27.39111' modelSize='25095281'/>
  <pieceOfFurniture name='soldering+station' model='148/model.obj' x='1921.2334' y='1414.1362' elevation='95.2' angle='3.926991' width='29.48227' depth='42.28321' height='20.0' modelSize='4586687'/>
  <pieceOfFurniture name='The+TAM' model='150/model.obj' x='2268.2754' y='1720.9984' elevation='75.4' angle='3.403392' width='40.076427' depth='21.385391' height='40.0' modelSize='886842'/>
  <pieceOfFurniture name='oscilloscopio' model='152/oscilloscopio.obj' x='1513.7598' y='1509.1682' elevation='50.0' angle='1.5707964' width='43.581985' depth='34.398735' height='20.0' modelSize='167483'/>
  <pieceOfFurniture name='vintage+tv' model='154/model.obj' x='2210.231' y='1717.4929' elevation='75.4' angle='3.1415927' width='25.24506' depth='49.181896' height='30.6' modelSize='689020'/>
  <pieceOfFurniture name='ZX+Spectrum+Plus' model='156/model.obj' x='2018.0881' y='1545.7417' elevation='75.4' width='33.333332' depth='15.78125' height='5.0' modelSize='7250268'/>
  <pieceOfFurniture name='PPC-640' model='158/PPC-640.obj' x='2428.238' y='1697.7837' elevation='75.4' angle='3.1415927' width='49.899967' depth='44.570816' height='20.840454' modelSize='41879993'/>
  <pieceOfFurniture name='T3100e' model='160/T3100e.obj' x='2365.595' y='1691.8812' elevation='75.4' angle='3.6651917' width='32.200397' depth='35.93' height='33.9434' modelSize='14497096'/>
  <wall id='wall0' wallAtEnd='wall1' xStart='1975.5479' yStart='1603.806' xEnd='1975.5479' yEnd='1103.806' height='250.0' thickness='7.5' pattern='hatchUp'/>
  <wall id='wall1' wallAtStart='wall0' wallAtEnd='wall2' xStart='1975.5479' yStart='1103.806' xEnd='2777.13' yEnd='1103.806' height='250.0' thickness='7.5' pattern='hatchUp'/>
  <wall id='wall2' wallAtStart='wall1' wallAtEnd='wall3' xStart='2777.13' yStart='1103.806' xEnd='2777.13' yEnd='753.806' height='250.0' thickness='7.5' pattern='hatchUp'/>
  <wall id='wall3' wallAtStart='wall2' wallAtEnd='wall4' xStart='2777.13' yStart='753.806' xEnd='2532.13' yEnd='753.806' height='250.0' thickness='7.5' pattern='hatchUp'/>
  <wall id='wall4' wallAtStart='wall3' xStart='2532.13' yStart='753.806' xEnd='2532.13' yEnd='1103.806' height='250.0' thickness='7.5' pattern='hatchUp'/>
  <wall id='wall5' wallAtEnd='wall6' xStart='1977.1299' yStart='1148.6362' xEnd='1472.1299' yEnd='1147.5641' height='250.0' thickness='7.5' pattern='hatchUp'/>
  <wall id='wall6' wallAtStart='wall5' wallAtEnd='wall7' xStart='1472.1299' yStart='1147.5641' xEnd='1472.1299' yEnd='1602.7339' height='250.0' thickness='7.5' pattern='hatchUp'/>
  <wall id='wall7' wallAtStart='wall6' xStart='1472.1299' yStart='1602.7339' xEnd='1977.13' yEnd='1603.806' height='250.0' thickness='7.5' pattern='hatchUp'/>
  <wall id='wall8' wallAtEnd='wall9' xStart='1472.1299' yStart='1603.806' xEnd='1472.1299' yEnd='1753.806' height='250.0' thickness='7.5' pattern='hatchUp'/>
  <wall id='wall9' wallAtStart='wall8' wallAtEnd='wall10' xStart='1472.1299' yStart='1753.806' xEnd='2777.13' yEnd='1753.806' height='250.0' thickness='7.5' pattern='hatchUp'/>
  <wall id='wall10' wallAtStart='wall9' wallAtEnd='wall11' xStart='2777.13' yStart='1753.806' xEnd='2777.13' yEnd='2008.806' height='250.0' thickness='7.5' pattern='hatchUp'/>
  <wall id='wall11' wallAtStart='wall10' wallAtEnd='wall12' xStart='2777.13' yStart='2008.806' xEnd='3612.13' yEnd='2008.806' height='250.0' thickness='7.5' pattern='hatchUp'/>
  <wall id='wall12' wallAtStart='wall11' wallAtEnd='wall13' xStart='3612.13' yStart='2008.806' xEnd='3612.13' yEnd='1488.806' height='250.0' thickness='7.5' pattern='hatchUp'/>
  <wall id='wall13' wallAtStart='wall12' wallAtEnd='wall14' xStart='3612.13' yStart='1488.806' xEnd='2937.13' yEnd='1488.806' height='250.0' thickness='7.5' pattern='hatchUp'/>
  <wall id='wall14' wallAtStart='wall13' wallAtEnd='wall15' xStart='2937.13' yStart='1488.806' xEnd='2937.13' yEnd='593.806' height='250.0' thickness='7.5' pattern='hatchUp'/>
  <wall id='wall15' wallAtStart='wall14' wallAtEnd='wall19' xStart='2937.13' yStart='593.806' xEnd='2777.13' yEnd='593.806' height='250.0' thickness='7.5' pattern='hatchUp'/>
  <wall id='wall16' xStart='2937.13' yStart='1993.9515' xEnd='2937.13' yEnd='1488.806' height='250.0' thickness='7.5' pattern='hatchUp'/>
  <wall id='wall17' wallAtEnd='wall18' xStart='2155.9465' yStart='1351.837' xEnd='2777.13' yEnd='1351.837' height='250.0' thickness='7.5' pattern='hatchUp'/>
  <wall id='wall18' wallAtStart='wall17' xStart='2777.13' yStart='1351.837' xEnd='2777.13' yEnd='1103.806' height='250.0' thickness='7.5' pattern='hatchUp'/>
  <wall id='wall19' wallAtStart='wall15' xStart='2777.13' yStart='593.806' xEnd='2777.13' yEnd='783.806' height='250.0' thickness='7.5' pattern='hatchUp'/>
  <wall id='wall20' xStart='2304.3308' yStart='1359.396' xEnd='2304.3308' yEnd='1103.806' height='250.0' thickness='7.5' pattern='hatchUp'/>
  <wall id='wall21' xStart='2647.3726' yStart='899.50726' xEnd='2532.13' yEnd='899.50726' height='250.0' thickness='7.5' pattern='hatchUp'/>
  <label x='1633.1614' y='1338.5442' elevation='150.0' pitch='1.5707964'>
    <textStyle fontSize='18.0'/>
    <text>Laboratorio di restauro</text>
  </label>
  <label x='1998.5205' y='1232.1298' angle='4.712389' elevation='150.0' pitch='1.5707964'>
    <textStyle fontSize='18.0'/>
    <text>Reception</text>
  </label>
  <label x='2003.0476' y='1511.7753' angle='4.712389' elevation='150.0' pitch='1.5707964' color='FFFF3619'>
    <textStyle fontSize='18.0'/>
    <text>Museo dell&apos;Informatica</text>
  </label>
  <label x='2990.7388' y='1867.2599' angle='1.5707964' elevation='150.0' pitch='1.5707964'>
    <textStyle fontSize='18.0'/>
    <text>Corsi</text>
  </label>
</home>